ID,Q1,Q2,Q3,Q4,Q5,Q6,Q7,Q8,Q9,Q10,Q11,Q12,Q13,Q14,Q15,Age,Ethnicity,Gender,Sexuality,Disability,Religion
1,3,3,3,3,3,3,Getting the visuals to behave how I envision it to.,no,4,3,3,3,n/a,n/a,n/a,21-24,"East Asian, South Asian or South East",Female,Heterosexual,Non - Disabled,Not known
2,3,3,3,2,3,3,p5.js,"p5.js, feels less natural to me than Arduino",4,3,3,2,n/a,n/a,n/a,21-24,Mixed Heritage,Female,Heterosexual,"Identify as disabled, d/Deaf, neurodivergent or have a long-term physical or mental health condition",Not known
3,3,3,3,2,3,3,Technical problems,Technical problems and There is very little growth in computer art about art.,5,3,,3,no,Add some training on the aesthetic aspects of computing. Teaching methods should be more diverse and not just teaching software alone,no,21-24,"East Asian, South Asian or South East",Female,Heterosexual,Not known,Not known
4,3,3,3,3,3,3,translating ideas to code ,it is still the code but understanding how to simplify it has increased ,5,3,3,3,n/a,n/a,n/a,21-24,White British or Northern Irish,Male,Heterosexual,Non - Disabled,Not known
5,3,,3,2,3,3,"Making something work the way you intended, trail and error and finding solutions ",Nope ,5,3,3,2,n/a,This teaching method was very useful in understanding the code and how it works. ,n/a,21-24,Other White Background,Female,Heterosexual,Non - Disabled,Not known
6,3,3,3,2,5,5,processing,p5js,5,,,3,n/a,n/a,n/a,21-24,"East Asian, South Asian or South East",Female,Heterosexual,Non - Disabled,Christian
7,3,3,5,3,3,5,The coding frame of mind is a lot more rigid than the freeform art mind. It takes some adapting to learn the different principles of coding.,No. I think that my biggest percieved challenge is something that takes some time to change and overcome.,5,3,3,3,n/a,"Functional errors reframes coding in a different way, to be a different kind of puzzle, providing a different perspective.",n/a,17-20,White British or Northern Irish,Male,Prefer not to say,Not known,Prefer not to say
8,3,3,3,3,5,5,Feeling the difference between searching for the answers and code and thinking of the code myself and figuring out my errors ,"Slightly, my way of thinking about it did",4,3,0,3,Very complicated to read,Maybe have two tutors around as the time is short and lots of us need help,Very useful workshop,21-24,Other White Background,Female,LGBTQA+,Non - Disabled,Christian
9,3,,3,3,5,3,Applying my concept based art practice to displaying creative comp work   ,I think my horizons on what i could expect when conceptualising creative computing displays have been broadened.,5,3,3,2,n/a,n/a,n/a,21-24,White British or Northern Irish,Non - Binary,Prefer to Self - Describe,"Identify as disabled, d/Deaf, neurodivergent or have a long-term physical or mental health condition",Not known
10,5,3,0,0,3,3,learning to code,Not really as it was only 1 session but I feel having a whole term of these would making me A LOT more confident with doing code,5,3,3,3,n/a,"I think it was really great compared to the lessons I have had, I felt like I learned a lot more in one lesson than I did in multiple lessons previously.","Great teaching, I wish I could have more!!",25-29,Mixed Heritage,Non - Binary,LGBTQA+,"Identify as disabled, d/Deaf, neurodivergent or have a long-term physical or mental health condition",Not known
11,5,,3,1,5,3,my code not running and not knowing how to fix it,i would still be worried about not being able to fix the code but I would at least attempt to do so myself first,5,3,3,3,n/a,i thought working through the p5js problems was really useful,i found the lecture engaging and useful,21-24,White British or Northern Irish,Female,Heterosexual,Non - Disabled,Not known
12,3,3,3,1,3,3,Technology,Technology,3,3,3,1,n/a,n/a,n/a,prefer not to say,Prefer not to say,Prefer not to say,Prefer not to say,Prefer not to say,Not known
13,3,0,3,0,5,3,Realising where certain creative code would fit in a project,No,0,0,0,0,I didn't understand what it was meant to help me with,n/a,n/a,21-24,Other White Background,Male,Heterosexual,"Identify as disabled, d/Deaf, neurodivergent or have a long-term physical or mental health condition",Not known