1,alex,1,2,t,4,it was great
2,alex,1,2,t,4,it was great
3,alex,1,2,t,4,it was great
4,jen,5,2,t,3,good stuff
5,jen,5,2,t,3,good stuff
6,jen,5,2,t,3,good stuff
7,jen,5,2,t,3,good stuff
8,jen,5,2,t,3,good stuff
9,jen,5,2,t,3,good stuff
10,Smith,2,3,f,7,gdgdgd
11,Jen,3,0,t,7,dddd
12,Jen,3,1,t,7,dddd
13,Lula,2,20,f,7,sss
14,undefined,3,1,f,7,ssss
15,undefined,4,3,f,7,s sbbsbs
16,0b4b6795fd082f8ea6f5d8da2b01f8d09d2a206e9c417201d08b049973f02642,2,1,f,7,bsbdbd
17,0b4b6795fd082f8ea6f5d8da2b01f8d09d2a206e9c417201d08b049973f02642,2,1,f,7,bsbdbd
18,undefined,4,2,t,7,bsbsbs
19,undefined,3,1,t,7,bdbdb
20,37b5073e4e9a7e52adafdf54e0bcdca04e1b6ae29f90b9948fa35fb3ad1ebb67,3,1,f,7,bdbdbdb
21,37b5073e4e9a7e52adafdf54e0bcdca04e1b6ae29f90b9948fa35fb3ad1ebb67,2,1,f,1,bsbsbs
22,0b4b6795fd082f8ea6f5d8da2b01f8d09d2a206e9c417201d08b049973f02642,3,6,f,1,dfsjkfdjkfanjgadf
23,7986520b1dd78d685fcacfafebf255b85180f30607ca00092d9f1c543815318c,5,1,f,1,everything was communicated clearly and easily understood
24,81134bafe57f3a70e921c5c5a7ab5885fff3778f212f6b9626e400dcaa26e29b,4,1,t,1,important to include a delay/waiting time so that we are able to see this
25,81134bafe57f3a70e921c5c5a7ab5885fff3778f212f6b9626e400dcaa26e29b,4,1,t,1,important to include a delay/waiting time so that we are able to see this
26,81134bafe57f3a70e921c5c5a7ab5885fff3778f212f6b9626e400dcaa26e29b,4,1,t,1,important to include a delay/waiting time so that we are able to see this
27,81134bafe57f3a70e921c5c5a7ab5885fff3778f212f6b9626e400dcaa26e29b,4,1,t,1,important to include a delay/waiting time so that we are able to see this
28,81134bafe57f3a70e921c5c5a7ab5885fff3778f212f6b9626e400dcaa26e29b,4,1,t,1,important to include a delay/waiting time so that we are able to see this
29,0b6722a8adfb93540bc8b6008e2e82d9940e1f5a2c48af03e0dc04524ffecd0e,4,0,f,1,"Basic understanding of codes and circuits, downloads and awareness of new applications"
30,0b6722a8adfb93540bc8b6008e2e82d9940e1f5a2c48af03e0dc04524ffecd0e,4,0,f,1,"Basic understanding of codes and circuits, downloads and awareness of new applications"
31,059f727ac7ff5dcdc2fb071c39101e66a9eb1c08f79fa26fd1ad01f335909130,4,1,t,1,There were many ways to layout the breadboard with the components and was interesting to see people's preferences and thought process of it.
32,059f727ac7ff5dcdc2fb071c39101e66a9eb1c08f79fa26fd1ad01f335909130,4,1,t,1,There were many ways to layout the breadboard with the components and was interesting to see people's preferences and thought process of it.
33,9fbbe982e10d5be5810770259fa95ce2db0cdaf8ec937ae64eab931f06ab4177,2,1,t,1,i theoretically understand why the codes needs delay to show flickering - but on tinkercad i can't get it to flicker
34,9fbbe982e10d5be5810770259fa95ce2db0cdaf8ec937ae64eab931f06ab4177,2,1,t,1,i theoretically understand why the codes needs delay to show flickering - but on tinkercad i can't get it to flicker
35,9fbbe982e10d5be5810770259fa95ce2db0cdaf8ec937ae64eab931f06ab4177,2,1,t,1,i theoretically understand why the codes needs delay to show flickering - but on tinkercad i can't get it to flicker
36,9fbbe982e10d5be5810770259fa95ce2db0cdaf8ec937ae64eab931f06ab4177,2,1,t,1,i theoretically understand why the codes needs delay to show flickering - but on tinkercad i can't get it to flicker
37,059f727ac7ff5dcdc2fb071c39101e66a9eb1c08f79fa26fd1ad01f335909130,3,0,t,2,"My resistor was too strong, so I had to re-arrange my circuit but otherwise the activity was easily followed, and the shield made the Arduino seem more simplistic."
38,059f727ac7ff5dcdc2fb071c39101e66a9eb1c08f79fa26fd1ad01f335909130,3,0,t,2,"My resistor was too strong, so I had to re-arrange my circuit but otherwise the activity was easily followed, and the shield made the Arduino seem more simplistic."
39,059f727ac7ff5dcdc2fb071c39101e66a9eb1c08f79fa26fd1ad01f335909130,3,0,t,2,"My resistor was too strong, so I had to re-arrange my circuit but otherwise the activity was easily followed, and the shield made the Arduino seem more simplistic."
40,864b9e0c5788a922865ed5e096ab58217255bf9acd79605e2e9ff4d828136dd9,3,0,t,1,I was a bit confused this first time using it but I was having issues with my board so that might be what was confusing me.
41,864b9e0c5788a922865ed5e096ab58217255bf9acd79605e2e9ff4d828136dd9,3,0,t,1,I was a bit confused this first time using it but I was having issues with my board so that might be what was confusing me.
42,864b9e0c5788a922865ed5e096ab58217255bf9acd79605e2e9ff4d828136dd9,3,1,t,1,I was a bit confused this first time using it but I was having issues with my board so that might be what was confusing me.
43,059f727ac7ff5dcdc2fb071c39101e66a9eb1c08f79fa26fd1ad01f335909130,3,0,t,2,"My resistor was too strong, so I had to re-arrange my circuit but otherwise the activity was easily followed, and the shield made the Arduino seem more simplistic."
44,059f727ac7ff5dcdc2fb071c39101e66a9eb1c08f79fa26fd1ad01f335909130,4,0,t,2,"My resistor was too strong, so I had to re-arrange my circuit but otherwise the activity was easily followed, and the shield made the Arduino seem more simplistic."
45,059f727ac7ff5dcdc2fb071c39101e66a9eb1c08f79fa26fd1ad01f335909130,4,0,t,2,"My resistor was too strong, so I had to re-arrange my circuit but otherwise the activity was easily followed, and the shield made the Arduino seem more simplistic."
46,059f727ac7ff5dcdc2fb071c39101e66a9eb1c08f79fa26fd1ad01f335909130,4,0,t,2,"My resistor was too strong, so I had to re-arrange my circuit but otherwise the activity was easily followed, and the shield made the Arduino seem more simplistic."
47,81134bafe57f3a70e921c5c5a7ab5885fff3778f212f6b9626e400dcaa26e29b,5,2,t,2,"the feedback shield corresponds to the blink, very useful to know which pin is connected and working"
48,81134bafe57f3a70e921c5c5a7ab5885fff3778f212f6b9626e400dcaa26e29b,5,2,t,2,"the feedback shield corresponds to the blink, very useful to know which pin is connected and working"
49,81134bafe57f3a70e921c5c5a7ab5885fff3778f212f6b9626e400dcaa26e29b,5,2,t,2,"the feedback shield corresponds to the blink, very useful to know which pin is connected and working"
50,81134bafe57f3a70e921c5c5a7ab5885fff3778f212f6b9626e400dcaa26e29b,5,2,t,2,"the feedback shield corresponds to the blink, very useful to know which pin is connected and working"
51,81134bafe57f3a70e921c5c5a7ab5885fff3778f212f6b9626e400dcaa26e29b,5,2,t,2,"the feedback shield corresponds to the blink, very useful to know which pin is connected and working"
52,81134bafe57f3a70e921c5c5a7ab5885fff3778f212f6b9626e400dcaa26e29b,5,2,t,2,"the feedback shield corresponds to the blink, very useful to know which pin is connected and working"
53,81134bafe57f3a70e921c5c5a7ab5885fff3778f212f6b9626e400dcaa26e29b,5,2,t,2,"the feedback shield corresponds to the blink, very useful to know which pin is connected and working"
54,059f727ac7ff5dcdc2fb071c39101e66a9eb1c08f79fa26fd1ad01f335909130,4,0,t,2,"My resistor was too strong, so I had to re-arrange my circuit but otherwise the activity was easily followed, and the shield made the Arduino seem more simplistic."
55,9bf580174667f50b031047c34d189d5604521ef97f1b5c278537c3c97baf35b7,5,2,t,1,I learnt the very basics of how to make an LED blink. Using tinkercad reminds me a lot of scratch so it was very easy to grasp how to make the blocks connect. The lights on the shield make it easier to understand what's actually happening with the Aurduino.
56,9bf580174667f50b031047c34d189d5604521ef97f1b5c278537c3c97baf35b7,5,2,t,1,I learnt the very basics of how to make an LED blink. Using tinkercad reminds me a lot of scratch so it was very easy to grasp how to make the blocks connect. The lights on the shield make it easier to understand what's actually happening with the Aurduino.
57,059f727ac7ff5dcdc2fb071c39101e66a9eb1c08f79fa26fd1ad01f335909130,4,0,t,2,"My resistor was too strong, so I had to re-arrange my circuit but otherwise the activity was easily followed, and the shield made the Arduino seem more simplistic."
58,9bf580174667f50b031047c34d189d5604521ef97f1b5c278537c3c97baf35b7,5,2,t,1,I learnt the very basics of how to make an LED blink. Using tinkercad reminds me a lot of scratch so it was very easy to grasp how to make the blocks connect. The lights on the shield make it easier to understand what's actually happening with the Aurduino.
59,7986520b1dd78d685fcacfafebf255b85180f30607ca00092d9f1c543815318c,5,1,t,2,"I had to restart my machine for the arduino software to recognised the port on my laptop, but once I had done this it worked as expected"
60,7986520b1dd78d685fcacfafebf255b85180f30607ca00092d9f1c543815318c,5,1,t,2,"I had to restart my machine for the arduino software to recognise the port on my laptop, but once I had done this it worked as expected"
61,fb338e53da57ec89c638f24e8f87697a70d0c0d8e4cc3a56f754211d2c6f0444,4,0,t,2,"i learnt that the piece of hardware is supposed to identify where the problems are in the task. as in a specific light should light up to tell me if the issue is in the code, the hardware or my wiring .however my attachment didnt light up"
62,fb338e53da57ec89c638f24e8f87697a70d0c0d8e4cc3a56f754211d2c6f0444,4,0,t,2,"i learnt that the piece of hardware is supposed to identify where the problems are in the task. as in a specific light should light up to tell me if the issue is in the code, the hardware or my wiring .however my attachment didnt light up"
63,fb338e53da57ec89c638f24e8f87697a70d0c0d8e4cc3a56f754211d2c6f0444,4,0,t,2,"i learnt that the piece of hardware is supposed to identify where the problems are in the task. as in a specific light should light up to tell me if the issue is in the code, the hardware or my wiring .however my attachment didnt light up"
64,fb338e53da57ec89c638f24e8f87697a70d0c0d8e4cc3a56f754211d2c6f0444,4,0,t,2,"i learnt that the piece of hardware is supposed to identify where the problems are in the task. as in a specific light should light up to tell me if the issue is in the code, the hardware or my wiring .however my attachment didnt light up"
65,7986520b1dd78d685fcacfafebf255b85180f30607ca00092d9f1c543815318c,5,1,t,2,"I had to restart my machine for the arduino software to recognise the port on my laptop, but once I had done this it worked as expected"
66,fb338e53da57ec89c638f24e8f87697a70d0c0d8e4cc3a56f754211d2c6f0444,4,0,t,2,"i learnt that the piece of hardware is supposed to identify where the problems are in the task. as in a specific light should light up to tell me if the issue is in the code, the hardware or my wiring .however my attachment didnt light up"
67,fb338e53da57ec89c638f24e8f87697a70d0c0d8e4cc3a56f754211d2c6f0444,4,0,t,2,"i learnt that the piece of hardware is supposed to identify where the problems are in the task. as in a specific light should light up to tell me if the issue is in the code, the hardware or my wiring .however my attachment didnt light up"
68,fb338e53da57ec89c638f24e8f87697a70d0c0d8e4cc3a56f754211d2c6f0444,4,0,t,2,"i learnt that the piece of hardware is supposed to identify where the problems are in the task. as in a specific light should light up to tell me if the issue is in the code, the hardware or my wiring .however my attachment didnt light up"
69,fb338e53da57ec89c638f24e8f87697a70d0c0d8e4cc3a56f754211d2c6f0444,4,0,t,2,"i learnt that the piece of hardware is supposed to identify where the problems are in the task. as in a specific light should light up to tell me if the issue is in the code, the hardware or my wiring .however my attachment didnt light up"
70,864b9e0c5788a922865ed5e096ab58217255bf9acd79605e2e9ff4d828136dd9,3,1,t,2,I fixed the issues I was having earlier and so got to properly try out the shield this time. It made a lot more sense now as I could see the corresponding light flashing alongside my LED :))
71,7c2bfb3bab5a8a5b6aca1e79d9471e48858f1641e80569ae93a47b9e74a84286,5,0,t,2,it helps to visualise what's going on
72,7c2bfb3bab5a8a5b6aca1e79d9471e48858f1641e80569ae93a47b9e74a84286,5,0,t,2,it helps to visualise what's going on
73,7c2bfb3bab5a8a5b6aca1e79d9471e48858f1641e80569ae93a47b9e74a84286,5,0,t,2,it helps to visualise what's going on
74,7c2bfb3bab5a8a5b6aca1e79d9471e48858f1641e80569ae93a47b9e74a84286,5,0,t,2,it helps to visualise what's going on
75,7c2bfb3bab5a8a5b6aca1e79d9471e48858f1641e80569ae93a47b9e74a84286,5,0,t,2,it helps to visualise what's going on
76,7c2bfb3bab5a8a5b6aca1e79d9471e48858f1641e80569ae93a47b9e74a84286,5,0,t,2,it helps to visualise what's going on
77,7c2bfb3bab5a8a5b6aca1e79d9471e48858f1641e80569ae93a47b9e74a84286,5,0,t,2,it helps to visualise what's going on
78,7c2bfb3bab5a8a5b6aca1e79d9471e48858f1641e80569ae93a47b9e74a84286,5,0,t,2,it helps to visualise what's going on
79,7c2bfb3bab5a8a5b6aca1e79d9471e48858f1641e80569ae93a47b9e74a84286,5,0,t,2,it helps to visualise what's going on
80,7c2bfb3bab5a8a5b6aca1e79d9471e48858f1641e80569ae93a47b9e74a84286,5,0,t,2,it helps to visualise what's going on
81,7c2bfb3bab5a8a5b6aca1e79d9471e48858f1641e80569ae93a47b9e74a84286,5,0,t,2,it helps to visualise what's going on
82,7c2bfb3bab5a8a5b6aca1e79d9471e48858f1641e80569ae93a47b9e74a84286,5,0,t,2,it helps to visualise what's going on
83,7c2bfb3bab5a8a5b6aca1e79d9471e48858f1641e80569ae93a47b9e74a84286,5,0,t,2,it helps to visualise what's going on
84,7c2bfb3bab5a8a5b6aca1e79d9471e48858f1641e80569ae93a47b9e74a84286,5,0,t,2,it helps to visualise what's going on
85,7c2bfb3bab5a8a5b6aca1e79d9471e48858f1641e80569ae93a47b9e74a84286,5,0,t,2,it helps to visualise what's going on
86,7c2bfb3bab5a8a5b6aca1e79d9471e48858f1641e80569ae93a47b9e74a84286,5,0,t,2,it helps to visualise what's going on
87,7c2bfb3bab5a8a5b6aca1e79d9471e48858f1641e80569ae93a47b9e74a84286,5,0,t,2,it helps to visualise what's going on
88,7c2bfb3bab5a8a5b6aca1e79d9471e48858f1641e80569ae93a47b9e74a84286,5,0,t,2,it helps to visualise what's going on
89,7c2bfb3bab5a8a5b6aca1e79d9471e48858f1641e80569ae93a47b9e74a84286,5,0,t,2,it helps to visualise what's going on
90,5c607f66c4a21215bdddbedde8eb8e3f939f9dcfc6e210c6dda2514d52d36103,4,2,t,1,it was hard lining up the pins because there wasn't numbers on the top layer - also wish I could see the green light from arduino underneath!
91,5c607f66c4a21215bdddbedde8eb8e3f939f9dcfc6e210c6dda2514d52d36103,4,2,t,1,it was hard lining up the pins because there wasn't numbers on the top layer - also wish I could see the green light from arduino underneath!
92,5c607f66c4a21215bdddbedde8eb8e3f939f9dcfc6e210c6dda2514d52d36103,4,2,t,1,it was hard lining up the pins because there wasn't numbers on the top layer - also wish I could see the green light from arduino underneath!
93,864b9e0c5788a922865ed5e096ab58217255bf9acd79605e2e9ff4d828136dd9,3,1,t,2,I fixed the issues I was having earlier and so got to properly try out the shield this time. It made a lot more sense now as I could see the corresponding light flashing alongside my LED :))
94,059f727ac7ff5dcdc2fb071c39101e66a9eb1c08f79fa26fd1ad01f335909130,4,0,t,2,"My resistor was too strong, so I had to re-arrange my circuit but otherwise the activity was easily followed, and the shield made the Arduino seem more simplistic."
95,059f727ac7ff5dcdc2fb071c39101e66a9eb1c08f79fa26fd1ad01f335909130,4,0,t,2,"My resistor was too strong, so I had to re-arrange my circuit but otherwise the activity was easily followed, and the shield made the Arduino seem more simplistic."
96,059f727ac7ff5dcdc2fb071c39101e66a9eb1c08f79fa26fd1ad01f335909130,4,0,t,2,"My resistor was too strong, so I had to re-arrange my circuit but otherwise the activity was easily followed, and the shield made the Arduino seem more simplistic."
97,059f727ac7ff5dcdc2fb071c39101e66a9eb1c08f79fa26fd1ad01f335909130,4,0,t,2,"My resistor was too strong, so I had to re-arrange my circuit but otherwise the activity was easily followed, and the shield made the Arduino seem more simplistic."
98,059f727ac7ff5dcdc2fb071c39101e66a9eb1c08f79fa26fd1ad01f335909130,4,0,t,2,"My resistor was too strong, so I had to re-arrange my circuit but otherwise the activity was easily followed, and the shield made the Arduino seem more simplistic."
99,059f727ac7ff5dcdc2fb071c39101e66a9eb1c08f79fa26fd1ad01f335909130,4,0,t,2,"My resistor was too strong, so I had to re-arrange my circuit but otherwise the activity was easily followed, and the shield made the Arduino seem more simplistic."
100,7986520b1dd78d685fcacfafebf255b85180f30607ca00092d9f1c543815318c,5,0,t,3,for loops explained well and understood
101,6bdf0b2dfc2e0221960849943e884b3d4c6baf7cd25286caee29b9737ab3a343,2,0,t,2,it doesnt blink red and I'm not sure why because my code was running without it blinking anywhere. Until i moved the GND to the pin next to 13
102,6bdf0b2dfc2e0221960849943e884b3d4c6baf7cd25286caee29b9737ab3a343,2,0,t,2,it doesnt blink red and I'm not sure why because my code was running without it blinking anywhere. Until i moved the GND to the pin next to 13
103,6bdf0b2dfc2e0221960849943e884b3d4c6baf7cd25286caee29b9737ab3a343,2,0,t,2,it doesnt blink red and I'm not sure why because my code was running without it blinking anywhere. Until i moved the GND to the pin next to 13
104,fb338e53da57ec89c638f24e8f87697a70d0c0d8e4cc3a56f754211d2c6f0444,4,0,t,2,"i learnt that the piece of hardware is supposed to identify where the problems are in the task. as in a specific light should light up to tell me if the issue is in the code, the hardware or my wiring .however my attachment didnt light up"
105,fb338e53da57ec89c638f24e8f87697a70d0c0d8e4cc3a56f754211d2c6f0444,4,0,t,2,"i learnt that the piece of hardware is supposed to identify where the problems are in the task. as in a specific light should light up to tell me if the issue is in the code, the hardware or my wiring .however my attachment didnt light up"
106,fb338e53da57ec89c638f24e8f87697a70d0c0d8e4cc3a56f754211d2c6f0444,4,0,t,2,"i learnt that the piece of hardware is supposed to identify where the problems are in the task. as in a specific light should light up to tell me if the issue is in the code, the hardware or my wiring .however my attachment didnt light up"
107,fb338e53da57ec89c638f24e8f87697a70d0c0d8e4cc3a56f754211d2c6f0444,4,0,t,2,"i learnt that the piece of hardware is supposed to identify where the problems are in the task. as in a specific light should light up to tell me if the issue is in the code, the hardware or my wiring .however my attachment didnt light up"
108,fb338e53da57ec89c638f24e8f87697a70d0c0d8e4cc3a56f754211d2c6f0444,4,0,t,2,"i learnt that the piece of hardware is supposed to identify where the problems are in the task. as in a specific light should light up to tell me if the issue is in the code, the hardware or my wiring .however my attachment didnt light up"
109,864b9e0c5788a922865ed5e096ab58217255bf9acd79605e2e9ff4d828136dd9,4,2,f,3,I am starting to understand the tasks a lot better now. I was confused at first how I would use the shield here but now realise its only for use with the Arduino
110,fb338e53da57ec89c638f24e8f87697a70d0c0d8e4cc3a56f754211d2c6f0444,4,0,t,2,"i learnt that the piece of hardware is supposed to identify where the problems are in the task. as in a specific light should light up to tell me if the issue is in the code, the hardware or my wiring .however my attachment didnt light up"
111,fb338e53da57ec89c638f24e8f87697a70d0c0d8e4cc3a56f754211d2c6f0444,4,0,t,2,"i learnt that the piece of hardware is supposed to identify where the problems are in the task. as in a specific light should light up to tell me if the issue is in the code, the hardware or my wiring .however my attachment didnt light up"
112,fb338e53da57ec89c638f24e8f87697a70d0c0d8e4cc3a56f754211d2c6f0444,4,0,t,2,"i learnt that the piece of hardware is supposed to identify where the problems are in the task. as in a specific light should light up to tell me if the issue is in the code, the hardware or my wiring .however my attachment didnt light up"
113,9fbbe982e10d5be5810770259fa95ce2db0cdaf8ec937ae64eab931f06ab4177,3,2,t,4,i ahve the same issue - i can't get the feeback shield to light up:(
114,6bdf0b2dfc2e0221960849943e884b3d4c6baf7cd25286caee29b9737ab3a343,2,0,t,2,it doesnt blink red and I'm not sure why because my code was running without it blinking anywhere. Until i moved the GND to the pin next to 13
115,6bdf0b2dfc2e0221960849943e884b3d4c6baf7cd25286caee29b9737ab3a343,2,0,t,2,it doesnt blink red and I'm not sure why because my code was running without it blinking anywhere. Until i moved the GND to the pin next to 13
116,059f727ac7ff5dcdc2fb071c39101e66a9eb1c08f79fa26fd1ad01f335909130,4,0,t,3,Interesting too see all the variable that need to be accounted for.
117,7986520b1dd78d685fcacfafebf255b85180f30607ca00092d9f1c543815318c,5,2,t,4,I learned that the shield has LED's that correlate the PIN numbers used on the arduino showing me that the correct pin working
118,7986520b1dd78d685fcacfafebf255b85180f30607ca00092d9f1c543815318c,5,2,t,4,I learned that the shield has LED's that correlate the PIN numbers used on the arduino showing me that the correct pin working
119,0b4b6795fd082f8ea6f5d8da2b01f8d09d2a206e9c417201d08b049973f02642,5,3,f,3,I changed it a few times to see what delay would give a good result. I think that 10 milliseconds was very good for a nice fast but smooth fade. The shield helped me understand how the PMW works within the Arduino Leonardo to execute this for loop. This is thanks to the useful LED lights that signal what is happening.
120,864b9e0c5788a922865ed5e096ab58217255bf9acd79605e2e9ff4d828136dd9,5,1,t,4,"It is making a lot more sense now and I understand how the shield is helping me, though I didnt have any errors yet so I haven't yet seen how the shield will help me when that happens."
121,864b9e0c5788a922865ed5e096ab58217255bf9acd79605e2e9ff4d828136dd9,5,1,t,4,"It is making a lot more sense now and I understand how the shield is helping me, though I didnt have any errors yet so I haven't yet seen how the shield will help me when that happens."
122,9bf580174667f50b031047c34d189d5604521ef97f1b5c278537c3c97baf35b7,5,0,t,4,"After doing the first fade, I grasped how this would work and I was able to add a delay and a for loop to make the fade out possible. It really helps visualise the PMW and what is happening with the c++ code. I think in general, tinkercad really helped me understand how the board works so that I was able to make the fade, I think the combo of having the shield and tinkercad helped me understand much faster than I normally would have."
123,9bf580174667f50b031047c34d189d5604521ef97f1b5c278537c3c97baf35b7,5,0,t,4,"After doing the first fade, I grasped how this would work and I was able to add a delay and a for loop to make the fade out possible. It really helps visualise the PMW and what is happening with the c++ code. I think in general, tinkercad really helped me understand how the board works so that I was able to make the fade, I think the combo of having the shield and tinkercad helped me understand much faster than I normally would have."
124,9bf580174667f50b031047c34d189d5604521ef97f1b5c278537c3c97baf35b7,5,0,t,4,"After doing the first fade, I grasped how this would work and I was able to add a delay and a for loop to make the fade out possible. It really helps visualise the PMW and what is happening with the c++ code. I think in general, tinkercad really helped me understand how the board works so that I was able to make the fade, I think the combo of having the shield and tinkercad helped me understand much faster than I normally would have."
125,c24762dad798ed1af474def3f5bbcdda02dfd70813dfcacc0002474d34b4524d,5,1,f,8,testing
126,cf65c040e3f06e7b3bc96f253a31ea2c07e37f1ec051940740e0fd153ea83745,2,1,f,8,tetetet
127,c24762dad798ed1af474def3f5bbcdda02dfd70813dfcacc0002474d34b4524d,2,1,f,8,tetetet
128,c24762dad798ed1af474def3f5bbcdda02dfd70813dfcacc0002474d34b4524d,3,1,f,8,testing
129,c24762dad798ed1af474def3f5bbcdda02dfd70813dfcacc0002474d34b4524d,3,1,f,9,fff
130,cf65c040e3f06e7b3bc96f253a31ea2c07e37f1ec051940740e0fd153ea83745,5,1,f,11,test
131,864b9e0c5788a922865ed5e096ab58217255bf9acd79605e2e9ff4d828136dd9,5,1,t,5,"I liked that the lights didnt just turn on and off, they gradually got brighter as I turned the dial which helped me see what it was doing better before I added the LED into the breadboard."
132,7986520b1dd78d685fcacfafebf255b85180f30607ca00092d9f1c543815318c,5,2,t,5,The corresponding  LED's on the shield light up depending on the used pin. When the potentiometer is towards the very top of the values other LED's on the Shield light up but I'm not really sure why
133,9bf580174667f50b031047c34d189d5604521ef97f1b5c278537c3c97baf35b7,4,2,t,5,"The shield made it easy to understand where the power was going on the Arduino, all the LEDs on the analog side were all lit up which signalled to me that they were all receiving power. As I was turning the dial it was easy to see the resistance in the board itself as the lights of the shield were fading, this was corresponding with the breadboard and the LED I had set up."
134,9bf580174667f50b031047c34d189d5604521ef97f1b5c278537c3c97baf35b7,4,1,t,6,"The lights on the shield really help indicate what parts of the Aurduino are connected and using power. There is a bit of noise that makes the analog lights turn on which is slightly misleading but as long as you keep noise in mind, it is quite easy to grasp what's happening within the written code and the output from it. The lights turning on when the button is pressed makes it very easy to understand that the LED on the breadboard will be turning on too."
135,faf31d6c11c5353986ec074f32232e435ded6c540bfc3d69fc04fda9f8edce86,3,10,t,5,I find having visual feedback of the pin activity helps with understanding how the flow or the signals works and made it easy to identify the signal pathways at play.
136,0d844505345f1d4a5438f40adf5a8acefa2a5239a4bde6a2e064c4c165adc8b6,5,4,f,8,removing the background function allows the square to leave traces.
137,9db0da90670c42a3e9c6ac101a7d4d21404100b958ee6293c06a7821c1635309,5,4,f,8,Though the sandbox nature of this exercise I've quickly learnt how code can compile with no errors and look fine at first but not give the result we want or expect. Through the use of p5js we've seen this in action and experimented with how live preview type coding can really help defend against functional errors that tilt on only one line of code.
138,9db0da90670c42a3e9c6ac101a7d4d21404100b958ee6293c06a7821c1635309,5,4,f,9,This exercise efficiently shows how p5js' layering works though it's compilation. By simply taking the last two lines of the draw function and placing them in the middle of the function (line 11) we completely change the side affect of the function. I've learnt how we can easily have the right code for our goal but it might just be layered or ordered wrongly.
139,7c4732648c9b5c5c5e83cc2b6d2f7e628d369593e45e37caf95d3f662082f6d3,4,5,f,8,//
140,7c4732648c9b5c5c5e83cc2b6d2f7e628d369593e45e37caf95d3f662082f6d3,4,5,f,8,//
