ID,Q1,Q2,Q3,Q4,Q5,Q6,Q8,Q9,Q10,Q11,Q12,Q14,Q15,Q16,Q17,Q18,Age,Ethnicity,Gender,Sexuality,Disability,Religion
1,2,3,3,2,4,3,2,3,2,4,2,4,3,3,3,4,21-24,"East Asian, South Asian or South East",Female,Heterosexual,Non - Disabled,Not known
2,2,2,2,3,3,3,2,2,3,3,3,4,5,3,2,3,21-24,Mixed Heritage,Female,Heterosexual,"Identify as disabled, d/Deaf, neurodivergent or have a long-term physical or mental health condition",Not known
3,3,3,3,2,3,3,3,3,2,3,3,5,3,3,4,4,21-24,"East Asian, South Asian or South East",Female,Heterosexual,Not known,Not known
4,3,3,4,3,3,3,3,3,2,3,3,5,3,3,3,4,21-24,White British or Northern Irish,Male,Heterosexual,Non - Disabled,Not known
5,2,2,4,2,4,2,3,4,4,4,4,5,2,3,3,3,21-24,Other White Background,Female,Heterosexual,Non - Disabled,Not known
6,3,2,5,4,5,5,4,3,4,4,4,5,2,4,4,4,21-24,"East Asian, South Asian or South East",Female,Heterosexual,Non - Disabled,Christian
7,2,4,3,3,4,5,3,3,4,5,5,5,5,3,4,4,17-20,White British or Northern Irish,Male,Prefer not to say,Not known,Prefer not to say
8,2,3,2,3,5,5,3,3,4,5,5,4,3,2,1,4,21-24,Other White Background,Female,LGBTQA+,Non - Disabled,Christian
9,3,4,4,3,5,4,4,4,4,5,5,5,5,2,2,5,21-24,White British or Northern Irish,Non - Binary,Prefer to Self - Describe,"Identify as disabled, d/Deaf, neurodivergent or have a long-term physical or mental health condition",Not known
10,4,4,1,1,3,4,3,3,1,3,4,5,3,4,3,4,25-29,Mixed Heritage,Non - Binary,LGBTQA+,"Identify as disabled, d/Deaf, neurodivergent or have a long-term physical or mental health condition",Not known
11,5,4,3,4,5,4,5,4,4,5,5,5,3,3,3,4,21-24,White British or Northern Irish,Female,Heterosexual,Non - Disabled,Not known
12,3,3,2,2,4,4,3,3,2,4,4,3,3,3,3,2,prefer not to say,Prefer not to say,Prefer not to say,Prefer not to say,Prefer not to say,Not known
13,3,1,3,1,5,3,3,1,1,4,4,1,3,1,1,1,21-24,Other White Background,Male,Heterosexual,"Identify as disabled, d/Deaf, neurodivergent or have a long-term physical or mental health condition",Not known